dataset,sequence,sensor,gt_path_m,arm,runs,ate,ate_sd,rpe_t,rpe_t_sd,rpe_r,rpe_r_sd,path,path_sd,excess,excess_sd,z_rmse,z_rmse_sd,kitti,kitti_sd,fail,fail_sd
Newer College 2020,01_short,Ouster OS1-64,1609.4,KISS-SLAM,2,0.3909,0.0000,20.0109,0.0001,1.4299,0.0000,2663.9566,0.0088,65.5253,0.0005,0.2699,0.0001,0.5620,0.0000,nan,
Newer College 2020,01_short,Ouster OS1-64,1609.4,i3 + SIFT,4,0.2666,0.0045,8.4152,0.0151,0.8170,0.0022,1909.3372,2.0599,18.6369,0.1280,0.1466,0.0044,0.3591,0.0011,55.7500,0.9574
Newer College 2020,01_short,Ouster OS1-64,1609.4,i3 + SURF,4,0.2682,0.0113,7.9318,0.0130,0.7769,0.0017,1864.1386,1.5894,15.8285,0.0988,0.1437,0.0210,0.3518,0.0034,6.2500,0.9574
Newer College 2021,quad_easy,Ouster OS0-128,246.6,KISS-SLAM,2,0.1192,0.0000,10.5588,0.0000,1.4161,0.0000,291.7674,0.0000,18.3128,0.0000,0.0893,0.0000,0.4222,0.0000,nan,
Newer College 2021,quad_easy,Ouster OS0-128,246.6,i3 + SIFT,2,0.0961,0.0002,7.7019,0.0594,1.8903,0.0026,274.5617,0.4678,11.3358,0.1897,0.0702,0.0002,0.4854,0.0031,13.0000,1.4142
Newer College 2021,quad_easy,Ouster OS0-128,246.6,i3 + SURF,2,0.0941,0.0006,6.8806,0.0335,1.8930,0.0021,268.3483,0.0137,8.8163,0.0055,0.0687,0.0006,0.4683,0.0004,1.0000,0.0000
Newer College 2021,stairs,Ouster OS0-128,57.0,KISS-SLAM,2,3.5818,0.0000,100.6586,0.0000,27.2237,0.0000,238.5506,0.0000,318.7018,0.0000,2.3319,0.0000,nan,,nan,
Newer College 2021,stairs,Ouster OS0-128,57.0,i3 + SIFT,2,1.7465,0.1059,23.6404,1.0806,5.4245,0.1822,100.6309,0.7333,76.6263,1.2872,1.6064,0.1546,nan,,12.5000,0.7071
Newer College 2021,stairs,Ouster OS0-128,57.0,i3 + SURF,2,2.1511,0.3125,20.7173,0.3300,4.4608,0.1950,94.4795,0.0361,65.8296,0.0633,1.8885,0.2403,nan,,1.0000,0.0000
Newer College 2021,cloister,Ouster OS0-128,428.8,KISS-SLAM,2,0.3962,0.0000,19.5698,0.0000,2.6413,0.0000,580.3160,0.0000,35.3319,0.0000,0.3061,0.0000,0.8967,0.0000,nan,
Newer College 2021,cloister,Ouster OS0-128,428.8,i3 + SIFT,2,0.2160,0.0069,8.5495,0.0116,2.0817,0.0014,456.4797,0.4145,6.4528,0.0967,0.1193,0.0245,0.7751,0.0073,7.0000,1.4142
Newer College 2021,cloister,Ouster OS0-128,428.8,i3 + SURF,2,0.2048,0.0191,8.2097,0.0055,2.0549,0.0087,452.9845,0.2085,5.6377,0.0486,0.1081,0.0360,0.7617,0.0091,2.5000,0.7071
Newer College 2021,math_easy,Ouster OS0-128,263.5,KISS-SLAM,2,0.1497,0.0000,10.3449,0.0000,1.1813,0.0000,310.3892,0.0000,17.7868,0.0000,0.0513,0.0000,0.6326,0.0000,nan,
Newer College 2021,math_easy,Ouster OS0-128,263.5,i3 + SIFT,2,0.1008,0.0012,6.9218,0.0683,0.9241,0.0024,278.5782,0.1463,5.7151,0.0555,0.0344,0.0013,0.5147,0.0003,3.0000,0.0000
Newer College 2021,math_easy,Ouster OS0-128,263.5,i3 + SURF,2,0.0895,0.0003,6.3085,0.0003,0.8687,0.0006,272.7763,0.2393,3.5134,0.0908,0.0277,0.0011,0.4862,0.0018,1.0000,0.0000
Newer College 2021,underground_easy,Ouster OS0-128,162.4,KISS-SLAM,2,0.1698,0.0000,10.7574,0.0000,2.4529,0.0000,192.0262,0.0000,18.2149,0.0000,0.0547,0.0000,0.7025,0.0000,nan,
Newer College 2021,underground_easy,Ouster OS0-128,162.4,i3 + SIFT,2,0.1318,0.0002,6.1225,0.0272,2.0932,0.0057,169.4946,0.0999,4.3440,0.0615,0.0275,0.0008,0.6095,0.0002,1.0000,0.0000
Newer College 2021,underground_easy,Ouster OS0-128,162.4,i3 + SURF,2,0.1299,0.0016,6.0727,0.0385,2.0519,0.0044,168.9347,0.0091,3.9993,0.0056,0.0268,0.0002,0.6033,0.0057,1.0000,0.0000
Oxford Spires,christ-church-02,Hesai QT64,642.1,KISS-SLAM,2,0.7971,0.0000,24.2275,0.0000,2.5629,0.0000,1233.2969,0.0000,92.0767,0.0000,0.4383,0.0000,1.1499,0.0000,nan,
Oxford Spires,christ-church-02,Hesai QT64,642.1,i3 + SIFT,2,0.3540,0.1968,7.3188,0.0321,2.2250,0.0002,728.5388,0.2281,13.4644,0.0355,0.3103,0.2050,0.9248,0.0827,8.0000,0.0000
Oxford Spires,christ-church-02,Hesai QT64,642.1,i3 + SURF,2,0.2585,0.0249,7.0453,0.0391,2.1994,0.0009,714.2623,0.7953,11.2410,0.1239,0.2191,0.0298,0.8834,0.0063,1.0000,0.0000
Oxford Spires,christ-church-03,Hesai QT64,266.0,KISS-SLAM,2,0.1692,0.0000,14.7479,0.0000,2.8017,0.0000,475.0465,0.0000,78.6202,0.0000,0.1061,0.0000,0.6535,0.0000,nan,
Oxford Spires,christ-church-03,Hesai QT64,266.0,i3 + SIFT,2,0.1080,0.0017,5.5610,0.0241,2.6547,0.0010,297.1474,0.3994,11.7291,0.1502,0.0390,0.0047,0.5889,0.0003,1.5000,0.7071
Oxford Spires,christ-church-03,Hesai QT64,266.0,i3 + SURF,2,0.1083,0.0001,5.4043,0.0038,2.6408,0.0003,294.4089,0.5922,10.6994,0.2227,0.0404,0.0008,0.5943,0.0003,1.0000,0.0000
