dataset,sequence,sensor,gt_path_m,arm,runs,ate,ate_sd,rpe_t,rpe_t_sd,rpe_r,rpe_r_sd,path,path_sd,excess,excess_sd,z_rmse,z_rmse_sd,kitti,kitti_sd,fail,fail_sd,offset,offset_sd
Newer College 2020,01_short,Ouster OS1-64,1609.5,"KISS-SLAM, no deskew",1,0.3259,,8.4742,,0.5522,,1958.1450,,21.6608,,0.2371,,0.3400,,nan,,-0.0450,
Newer College 2020,01_short,Ouster OS1-64,1609.5,"KISS-SLAM, indoor_detail",1,0.9008,,15.4743,,0.9781,,2200.8919,,36.7428,,0.5789,,0.7400,,nan,,-0.0500,
Newer College 2020,01_short,Ouster OS1-64,1609.5,KISS-SLAM,2,0.3882,0.0000,20.5447,0.0001,1.0388,0.0000,2663.9797,0.0088,65.5147,0.0005,0.2714,0.0001,0.4429,0.0000,nan,,-0.0500,0.0000
Newer College 2020,01_short,Ouster OS1-64,1609.5,i3 + SIFT,4,0.2624,0.0045,8.0988,0.0142,0.6810,0.0025,1909.3529,2.0670,18.6293,0.1284,0.1465,0.0044,0.3143,0.0010,55.7500,0.9574,-0.0250,0.0000
Newer College 2020,01_short,Ouster OS1-64,1609.5,i3 + SURF,4,0.2641,0.0113,7.6377,0.0171,0.6327,0.0020,1864.1504,1.5795,15.8208,0.0981,0.1436,0.0210,0.3053,0.0030,6.2500,0.9574,-0.0250,0.0000
Newer College 2021,quad_easy,Ouster OS0-128,246.6,"KISS-SLAM, no deskew",1,0.0823,,6.2727,,0.3703,,266.5130,,8.0692,,0.0685,,0.2540,,nan,,0.0750,
Newer College 2021,quad_easy,Ouster OS0-128,246.6,"KISS-SLAM, indoor_detail",1,0.1076,,9.6738,,0.9441,,284.9242,,15.5348,,0.0800,,0.3245,,nan,,0.0650,
Newer College 2021,quad_easy,Ouster OS0-128,246.6,KISS-SLAM,2,0.1058,0.0000,10.0228,0.0000,0.8137,0.0000,291.8234,0.0000,18.3324,0.0000,0.0865,0.0000,0.2918,0.0000,nan,,0.0700,0.0000
Newer College 2021,quad_easy,Ouster OS0-128,246.6,i3 + SIFT,2,0.0820,0.0001,6.9896,0.0482,0.7672,0.0035,274.5653,0.4647,11.3481,0.1884,0.0686,0.0001,0.2808,0.0017,13.0000,1.4142,0.1000,0.0000
Newer College 2021,quad_easy,Ouster OS0-128,246.6,i3 + SURF,2,0.0788,0.0004,6.1257,0.0084,0.6715,0.0040,268.3813,0.0114,8.8403,0.0046,0.0674,0.0006,0.2735,0.0002,1.0000,0.0000,0.1000,0.0000
Newer College 2021,stairs,Ouster OS0-128,57.0,"KISS-SLAM, no deskew",1,2.7147,,68.1842,,13.1262,,159.7143,,180.0778,,2.3391,,nan,,nan,,-0.1250,
Newer College 2021,stairs,Ouster OS0-128,57.0,"KISS-SLAM, indoor_detail",1,0.4559,,11.7674,,3.1009,,77.0677,,35.4030,,0.3402,,nan,,nan,,0.0150,
Newer College 2021,stairs,Ouster OS0-128,57.0,KISS-SLAM,2,3.5824,0.0000,100.7106,0.0000,27.1327,0.0000,238.9213,0.0000,318.9765,0.0000,2.3354,0.0000,nan,,nan,,-0.0550,0.0000
Newer College 2021,stairs,Ouster OS0-128,57.0,i3 + SIFT,2,1.7484,0.1041,23.6241,1.0957,5.3197,0.1976,100.6309,0.7333,76.8021,1.2884,1.6063,0.1544,nan,,12.5000,0.7071,0.0350,0.0000
Newer College 2021,stairs,Ouster OS0-128,57.0,i3 + SURF,2,2.1534,0.3136,20.7026,0.3632,4.3482,0.1936,94.4795,0.0361,65.9946,0.0634,1.8872,0.2409,nan,,1.0000,0.0000,0.0350,0.0000
Newer College 2021,cloister,Ouster OS0-128,428.8,"KISS-SLAM, no deskew",1,0.4783,,11.7173,,0.9740,,475.4704,,10.8882,,0.3763,,0.6246,,nan,,0.0400,
Newer College 2021,cloister,Ouster OS0-128,428.8,"KISS-SLAM, indoor_detail",1,0.1749,,8.3915,,1.5118,,468.6960,,9.3083,,0.0924,,0.5180,,nan,,0.0750,
Newer College 2021,cloister,Ouster OS0-128,428.8,KISS-SLAM,2,0.3926,0.0000,19.2207,0.0000,2.2326,0.0000,580.2837,0.0000,35.3325,0.0000,0.3064,0.0000,0.7082,0.0000,nan,,0.0750,0.0000
Newer College 2021,cloister,Ouster OS0-128,428.8,i3 + SIFT,2,0.1880,0.0099,6.9711,0.0199,0.8307,0.0018,456.5361,0.4206,6.4718,0.0981,0.1180,0.0247,0.3461,0.0040,7.0000,1.4142,0.1000,0.0000
Newer College 2021,cloister,Ouster OS0-128,428.8,i3 + SURF,2,0.1794,0.0213,6.6187,0.0127,0.7677,0.0143,452.9917,0.2150,5.6452,0.0501,0.1068,0.0361,0.3278,0.0148,2.5000,0.7071,0.1000,0.0000
Newer College 2021,math_easy,Ouster OS0-128,263.5,"KISS-SLAM, no deskew",1,0.0871,,4.5065,,0.2857,,270.6875,,2.7220,,0.0340,,0.2468,,nan,,-0.0050,
Newer College 2021,math_easy,Ouster OS0-128,263.5,"KISS-SLAM, indoor_detail",1,0.1881,,8.5846,,1.0696,,291.1602,,10.4911,,0.0643,,0.6387,,nan,,0.0000,
Newer College 2021,math_easy,Ouster OS0-128,263.5,KISS-SLAM,2,0.1497,0.0000,10.3449,0.0000,1.1813,0.0000,310.3892,0.0000,17.7882,0.0000,0.0513,0.0000,0.6326,0.0000,nan,,0.0000,0.0000
Newer College 2021,math_easy,Ouster OS0-128,263.5,i3 + SIFT,2,0.0900,0.0013,6.6304,0.0565,0.7962,0.0011,278.5659,0.1452,5.7004,0.0551,0.0336,0.0013,0.4131,0.0020,3.0000,0.0000,0.0350,0.0000
Newer College 2021,math_easy,Ouster OS0-128,263.5,i3 + SURF,2,0.0767,0.0002,6.0769,0.0047,0.7284,0.0005,272.7741,0.2452,3.5027,0.0931,0.0271,0.0011,0.3987,0.0004,1.0000,0.0000,0.0350,0.0000
Newer College 2021,underground_easy,Ouster OS0-128,162.4,"KISS-SLAM, no deskew",1,0.0920,,6.4763,,0.7734,,171.2157,,5.4326,,0.0270,,0.2952,,nan,,0.0550,
Newer College 2021,underground_easy,Ouster OS0-128,162.4,"KISS-SLAM, indoor_detail",1,0.0714,,6.1323,,1.5877,,176.0473,,8.4079,,0.0445,,0.4266,,nan,,0.0800,
Newer College 2021,underground_easy,Ouster OS0-128,162.4,KISS-SLAM,2,0.1222,0.0000,10.2784,0.0000,1.9755,0.0000,192.0262,0.0000,18.2475,0.0000,0.0555,0.0000,0.5030,0.0000,nan,,0.0750,0.0000
Newer College 2021,underground_easy,Ouster OS0-128,162.4,i3 + SIFT,2,0.0661,0.0000,4.9327,0.0027,0.6900,0.0118,169.5099,0.0999,4.3629,0.0615,0.0258,0.0010,0.2661,0.0040,1.0000,0.0000,0.1000,0.0000
Newer College 2021,underground_easy,Ouster OS0-128,162.4,i3 + SURF,2,0.0649,0.0005,4.8933,0.0538,0.6309,0.0046,168.9482,0.0091,4.0171,0.0056,0.0251,0.0002,0.2653,0.0050,1.0000,0.0000,0.1000,0.0000
Oxford Spires,christ-church-02,Hesai QT64,642.9,"KISS-SLAM, no deskew",1,0.5470,,11.5257,,0.8347,,823.0492,,28.0117,,0.2742,,0.5346,,nan,,0.0450,
Oxford Spires,christ-church-02,Hesai QT64,642.9,"KISS-SLAM, indoor_detail",1,3.0880,,17.8081,,2.1003,,1003.0742,,56.0117,,2.4890,,2.6103,,nan,,0.0600,
Oxford Spires,christ-church-02,Hesai QT64,642.9,KISS-SLAM,2,0.7884,0.0000,23.9627,0.0000,2.3101,0.0000,1233.2046,0.0000,91.8047,0.0000,0.4386,0.0000,0.9662,0.0000,nan,,0.0500,0.0000
Oxford Spires,christ-church-02,Hesai QT64,642.9,i3 + SIFT,2,0.3298,0.2055,5.8882,0.0175,0.7861,0.0009,728.5400,0.2275,13.3124,0.0354,0.3102,0.2052,0.4172,0.1494,8.0000,0.0000,0.0950,0.0000
Oxford Spires,christ-church-02,Hesai QT64,642.9,i3 + SURF,2,0.2345,0.0270,5.5382,0.0122,0.7210,0.0019,714.2483,0.7739,11.0896,0.1204,0.2191,0.0299,0.3286,0.0002,1.0000,0.0000,0.0950,0.0000
Oxford Spires,christ-church-03,Hesai QT64,266.4,"KISS-SLAM, no deskew",1,0.0890,,7.3102,,0.5776,,322.4852,,21.0356,,0.0654,,0.1502,,nan,,0.0450,
Oxford Spires,christ-church-03,Hesai QT64,266.4,"KISS-SLAM, indoor_detail",1,0.1234,,10.9345,,2.0328,,408.1650,,53.1931,,0.0888,,0.4291,,nan,,0.0650,
Oxford Spires,christ-church-03,Hesai QT64,266.4,KISS-SLAM,2,0.1464,0.0000,14.5114,0.0000,2.2338,0.0000,475.0465,0.0000,78.2951,0.0000,0.1086,0.0000,0.4491,0.0000,nan,,0.0600,0.0000
Oxford Spires,christ-church-03,Hesai QT64,266.4,i3 + SIFT,2,0.0451,0.0038,3.6903,0.0175,0.7038,0.0019,297.1474,0.3994,11.5258,0.1499,0.0364,0.0049,0.1397,0.0011,1.5000,0.7071,0.0950,0.0000
Oxford Spires,christ-church-03,Hesai QT64,266.4,i3 + SURF,2,0.0459,0.0005,3.5826,0.0168,0.6739,0.0005,294.4089,0.5922,10.4980,0.2223,0.0381,0.0010,0.1385,0.0021,1.0000,0.0000,0.0950,0.0000
